{
  "test_accuracy": 0.9762807189142927,
  "macro_f1": 0.9719903782253261,
  "weighted_f1": 0.9764569630086685,
  "n_test_samples": 8179
}