{
  "train_loss": [
    2.0449230233317888,
    0.9794130227746287,
    0.6815419548997302,
    0.5692244284624589,
    0.482187433817181,
    0.42313569115127897,
    0.38677191890513996,
    0.3508499727348411,
    0.3239451311313971,
    0.3010745833658493,
    0.2788275843267802,
    0.2729538538397797,
    0.2553380073482769,
    0.24751043879990828,
    0.23312075273169966
  ],
  "train_acc": [
    0.40490038687264784,
    0.6918177750875069,
    0.7805353054188489,
    0.8165644656157065,
    0.8448035371213517,
    0.8607521646445772,
    0.8739110982445982,
    0.883148669631813,
    0.8959128352238335,
    0.9016501302734427,
    0.9098876227070558,
    0.9111508803326578,
    0.9160723214990657,
    0.9192041476958708,
    0.9235202779166777
  ],
  "val_loss": [
    0.9040888076592436,
    0.5282917273913561,
    0.39583461910925244,
    0.29757336621384217,
    0.3207533599456,
    0.32870585130941665,
    0.27918645814414034,
    0.22745510776947145,
    0.18069255981086904,
    0.24733745322497233,
    0.2465155059738136,
    0.19492233491332447,
    0.2168370184133783,
    0.16380461513199082,
    0.12357802882700973
  ],
  "val_acc": [
    0.712510763931603,
    0.8291302743264855,
    0.8736621970722106,
    0.9052774018944519,
    0.8912535367203838,
    0.8927297330544962,
    0.9116742526756059,
    0.9221306433755689,
    0.9408291302743265,
    0.9209004797638086,
    0.9229917579038012,
    0.939106901217862,
    0.9296346414073072,
    0.942674375691967,
    0.959281584450732
  ]
}