{
  "train_loss": [
    1.5044697072407627,
    0.7029508611031305,
    0.48274230365643744,
    0.3820278960914867,
    0.32310169077126305,
    0.26974567949374223,
    0.24477546112607723,
    0.2296645221002548,
    0.19848469436760058,
    0.18283496555470855,
    0.1711946374596257,
    0.1525432996548524,
    0.15022796780798658,
    0.14112607190977583,
    0.12761515622360142,
    0.11915810160025342,
    0.11627959538235892,
    0.1098210257353913,
    0.10721034868174369
  ],
  "train_acc": [
    0.5434639576808695,
    0.7710082374924336,
    0.8410927178461457,
    0.8742269126509987,
    0.8926494196910283,
    0.9103350264494565,
    0.9197831407742717,
    0.924388767534279,
    0.9346790536094954,
    0.9404953022607048,
    0.9442850751375108,
    0.9505224096639209,
    0.9514435350159223,
    0.9534963286575256,
    0.9575492802063321,
    0.9614180066847383,
    0.9621812248335395,
    0.9637866147327421,
    0.9652867331631445
  ],
  "val_loss": [
    0.9472369759760936,
    0.4596349094665671,
    0.4059993742672527,
    0.36210296925510665,
    0.15193476481121868,
    0.2015638805756685,
    0.17017356553486085,
    0.14343285778425144,
    0.1182952614329333,
    0.16773910399806813,
    0.10662474947244549,
    0.11331671232555648,
    0.08633281985136664,
    0.07871882869636194,
    0.08476672915972486,
    0.13833327749627497,
    0.0791766279001005,
    0.0835932223181544,
    0.11002607689517627
  ],
  "val_acc": [
    0.6966416533398943,
    0.8437692213064337,
    0.8652970845122401,
    0.8772296715463157,
    0.9485791610284168,
    0.932464017714356,
    0.9446426374707836,
    0.9519006027801697,
    0.9622339771189569,
    0.9456267683601919,
    0.9633411243695411,
    0.9634641407307172,
    0.9698609915118711,
    0.972813384180096,
    0.972936400541272,
    0.9571903063107393,
    0.9737975150695043,
    0.9718292532906877,
    0.9656784352318858
  ]
}